{
    "name": "root",
    "gauges": {
        "AIPlayer.Policy.Entropy.mean": {
            "value": 1.4189382791519165,
            "min": 1.4189382791519165,
            "max": 1.4189382791519165,
            "count": 1
        },
        "AIPlayer.Policy.Entropy.sum": {
            "value": 45769.2734375,
            "min": 45769.2734375,
            "max": 45769.2734375,
            "count": 1
        },
        "AIPlayer.Step.mean": {
            "value": 29952.0,
            "min": 29952.0,
            "max": 29952.0,
            "count": 1
        },
        "AIPlayer.Step.sum": {
            "value": 29952.0,
            "min": 29952.0,
            "max": 29952.0,
            "count": 1
        },
        "AIPlayer.Policy.ExtrinsicValueEstimate.mean": {
            "value": -0.06802599877119064,
            "min": -0.06802599877119064,
            "max": -0.06802599877119064,
            "count": 1
        },
        "AIPlayer.Policy.ExtrinsicValueEstimate.sum": {
            "value": -7.959042072296143,
            "min": -7.959042072296143,
            "max": -7.959042072296143,
            "count": 1
        },
        "AIPlayer.IsTraining.mean": {
            "value": 1.0,
            "min": 1.0,
            "max": 1.0,
            "count": 1
        },
        "AIPlayer.IsTraining.sum": {
            "value": 1.0,
            "min": 1.0,
            "max": 1.0,
            "count": 1
        }
    },
    "metadata": {
        "timer_format_version": "0.1.0",
        "start_time_seconds": "1686604952",
        "python_version": "3.7.12 | packaged by conda-forge | (default, Oct 26 2021, 05:35:01) [MSC v.1916 64 bit (AMD64)]",
        "command_line_arguments": "C:\\Users\\danie\\.conda\\envs\\unityML\\Scripts\\mlagents-learn .\\trainer_config.yaml --run-id test001 --force",
        "mlagents_version": "0.28.0",
        "mlagents_envs_version": "0.28.0",
        "communication_protocol_version": "1.5.0",
        "pytorch_version": "1.7.1+cu110",
        "numpy_version": "1.21.6",
        "end_time_seconds": "1686605002"
    },
    "total": 50.3823462,
    "count": 1,
    "self": 0.0042638000000039256,
    "children": {
        "run_training.setup": {
            "total": 0.04050750000000003,
            "count": 1,
            "self": 0.04050750000000003
        },
        "TrainerController.start_learning": {
            "total": 50.3375749,
            "count": 1,
            "self": 0.009582299999969734,
            "children": {
                "TrainerController._reset_env": {
                    "total": 10.5901899,
                    "count": 1,
                    "self": 10.5901899
                },
                "TrainerController.advance": {
                    "total": 39.68883800000003,
                    "count": 657,
                    "self": 0.009969199999936507,
                    "children": {
                        "env_step": {
                            "total": 37.17622780000007,
                            "count": 657,
                            "self": 35.569196600000254,
                            "children": {
                                "SubprocessEnvManager._take_step": {
                                    "total": 1.6016044999999028,
                                    "count": 657,
                                    "self": 0.04051369999993959,
                                    "children": {
                                        "TorchPolicy.evaluate": {
                                            "total": 1.5610907999999633,
                                            "count": 654,
                                            "self": 0.666880499999916,
                                            "children": {
                                                "TorchPolicy.sample_actions": {
                                                    "total": 0.8942103000000472,
                                                    "count": 654,
                                                    "self": 0.8942103000000472
                                                }
                                            }
                                        }
                                    }
                                },
                                "workers": {
                                    "total": 0.005426699999915741,
                                    "count": 656,
                                    "self": 0.0,
                                    "children": {
                                        "worker_root": {
                                            "total": 33.73518209999991,
                                            "count": 656,
                                            "is_parallel": true,
                                            "self": 6.027591899999926,
                                            "children": {
                                                "steps_from_proto": {
                                                    "total": 0.0028289000000008002,
                                                    "count": 1,
                                                    "is_parallel": true,
                                                    "self": 0.00013329999999811548,
                                                    "children": {
                                                        "_process_rank_one_or_two_observation": {
                                                            "total": 0.0026956000000026847,
                                                            "count": 10,
                                                            "is_parallel": true,
                                                            "self": 0.0026956000000026847
                                                        }
                                                    }
                                                },
                                                "UnityEnvironment.step": {
                                                    "total": 27.704761299999983,
                                                    "count": 656,
                                                    "is_parallel": true,
                                                    "self": 0.5906686000000114,
                                                    "children": {
                                                        "UnityEnvironment._generate_step_input": {
                                                            "total": 0.2398050000000076,
                                                            "count": 656,
                                                            "is_parallel": true,
                                                            "self": 0.2398050000000076
                                                        },
                                                        "communicator.exchange": {
                                                            "total": 25.150972200000023,
                                                            "count": 656,
                                                            "is_parallel": true,
                                                            "self": 25.150972200000023
                                                        },
                                                        "steps_from_proto": {
                                                            "total": 1.7233154999999396,
                                                            "count": 656,
                                                            "is_parallel": true,
                                                            "self": 0.08336259999992457,