{"count":1,"self":282.477696,"total":1676.4286287999998,"children":{"InitializeActuators":{"count":54,"self":0.0010008999999999999,"total":0.0010008999999999999,"children":null},"InitializeSensors":{"count":54,"self":0.0036928,"total":0.0036928,"children":null},"AgentSendState":{"count":118534,"self":315.094272,"total":379.2162912,"children":{"CollectObservations":{"count":1280178,"self":3.4700332,"total":3.4700330999999998,"children":null},"WriteActionMask":{"count":1280178,"self":0.756007,"total":0.756007,"children":null},"RequestDecision":{"count":1280178,"self":3.4517363999999997,"total":59.8959882,"children":{"AgentInfo.ToProto":{"count":1280178,"self":2.2577241999999997,"total":56.444251799999996,"children":{"GenerateSensorData":{"count":1280178,"self":32.464019199999996,"total":54.1865276,"children":{"RayPerceptionSensor.Perceive":{"count":5120712,"self":21.7225088,"total":21.7225087,"children":null}}}}}}}}},"DecideAction":{"count":118534,"self":1010.3112703999999,"total":1010.3112533999999,"children":null},"AgentAct":{"count":118534,"self":4.1957179999999994,"total":4.2277363,"children":{"AgentInfo.ToProto":{"count":836,"self":0.0009998,"total":0.032018399999999995,"children":{"GenerateSensorData":{"count":836,"self":0.018484999999999998,"total":0.031018599999999997,"children":{"RayPerceptionSensor.Perceive":{"count":3344,"self":0.012533599999999999,"total":0.012533599999999999,"children":null}}}}}}},"AgentInfo.ToProto":{"count":3244,"self":0.0096622,"total":0.1899884,"children":{"GenerateSensorData":{"count":3244,"self":0.10743799999999999,"total":0.1803262,"children":{"RayPerceptionSensor.Perceive":{"count":12976,"self":0.0728882,"total":0.0728882,"children":null}}}}}},"gauges":{"AIPlayer.CumulativeReward":{"count":4080,"max":123.395004,"min":-432.968658,"runningAverage":-9.076977,"value":9.334993,"weightedAverage":10.1880159}},"metadata":{"timer_format_version":"0.1.0","start_time_seconds":"1686846171","unity_version":"2022.3.1f1","command_line_arguments":"D:\\unity\\2022.3.1f1\\Editor\\Unity.exe -projectpath D:\\unity\\Unity_RL_PlayGround -useHub -hubIPC -cloudEnvironment production -licensingIpc LicenseClient-danie -hubSessionId 090d7b9d-d0c2-4ef1-8dad-71ed59d03fb1","communication_protocol_version":"1.5.0","com.unity.ml-agents_version":"2.0.1","scene_name":"TrainSene","end_time_seconds":"1686847847"}}