{"count":1,"self":3121.7207295999997,"total":40430.8577505,"children":{"InitializeActuators":{"count":60,"self":0.0020001,"total":0.0020001,"children":null},"InitializeSensors":{"count":60,"self":0.0059977999999999993,"total":0.0059977999999999993,"children":null},"AgentSendState":{"count":2005234,"self":8605.0553855999988,"total":10443.0674655,"children":{"CollectObservations":{"count":24062820,"self":71.1010816,"total":71.101083199999991,"children":null},"WriteActionMask":{"count":24062820,"self":14.8739008,"total":14.8739002,"children":null},"RequestDecision":{"count":24062820,"self":72.0108544,"total":1752.0371106,"children":{"AgentInfo.ToProto":{"count":24062820,"self":46.1624416,"total":1680.0262553999999,"children":{"GenerateSensorData":{"count":24062820,"self":1004.8933887999999,"total":1633.8638128999999,"children":{"RayPerceptionSensor.Perceive":{"count":168439740,"self":628.9703936,"total":628.9704155,"children":null}}}}}}}}},"DecideAction":{"count":2005234,"self":26759.841382399998,"total":26759.8413122,"children":null},"AgentAct":{"count":2005234,"self":87.0321984,"total":88.2834352,"children":{"AgentInfo.ToProto":{"count":12812,"self":0.0619821,"total":1.2512341,"children":{"GenerateSensorData":{"count":12812,"self":0.83844449999999993,"total":1.189252,"children":{"RayPerceptionSensor.Perceive":{"count":89684,"self":0.3508075,"total":0.3508075,"children":null}}}}}}},"AgentInfo.ToProto":{"count":193029,"self":1.0172305,"total":17.9358911,"children":{"GenerateSensorData":{"count":193029,"self":10.859256799999999,"total":16.9186606,"children":{"RayPerceptionSensor.Perceive":{"count":1351203,"self":6.059404,"total":6.0594038,"children":null}}}}}},"gauges":{"AIPlayer.CumulativeReward":{"count":205841,"max":124.79,"min":-401.70578,"runningAverage":21.5067577,"value":33.15297,"weightedAverage":29.1733932}},"metadata":{"timer_format_version":"0.1.0","start_time_seconds":"1686995797","unity_version":"2022.3.1f1","command_line_arguments":"D:\\unity\\2022.3.1f1\\Editor\\Unity.exe -projectpath D:\\unity\\Unity_RL_PlayGround -useHub -hubIPC -cloudEnvironment production -licensingIpc LicenseClient-danie -hubSessionId 32d13b17-a85b-4474-93da-39a7b8017ab4","communication_protocol_version":"1.5.0","com.unity.ml-agents_version":"2.0.1","scene_name":"TrainSene","end_time_seconds":"1687036228"}}